S66x8_105,1,2803_14PeptideMeNH2090_dim_S66x8,-1,2805_14PeptideMeNH2100_monA_S66x8,-1,2805_14PeptideMeNH2100_monB_S66x8,-0.010852425341767735
S66x8_129,1,2827_17UracilUracilBP090_dim_S66x8,-1,2829_17UracilUracilBP100_monA_S66x8,-1,2829_17UracilUracilBP100_monB_S66x8,-0.025019541536821354
S66x8_153,1,2851_20AcOHAcOH090_dim_S66x8,-1,2853_20AcOHAcOH100_monA_S66x8,-1,2853_20AcOHAcOH100_monB_S66x8,-0.027808343937422462
S66x8_178,1,2876_23AcNH2Uracil095_dim_S66x8,-1,2877_23AcNH2Uracil100_monA_S66x8,-1,2877_23AcNH2Uracil100_monB_S66x8,-0.03010312991277423
S66x8_193,1,2891_25PyridinePyridinepipi090_dim_S66x8,-1,2893_25PyridinePyridinepipi100_monA_S66x8,-1,2893_25PyridinePyridinepipi100_monB_S66x8,-0.0021035538107391206
S66x8_201,1,2899_26UracilUracilpipi090_dim_S66x8,-1,2901_26UracilUracilpipi100_monA_S66x8,-1,2901_26UracilUracilpipi100_monB_S66x8,-0.0125257067821284
S66x8_204,1,2902_26UracilUracilpipi105_dim_S66x8,-1,2901_26UracilUracilpipi100_monA_S66x8,-1,2901_26UracilUracilpipi100_monB_S66x8,-0.015027660935810533
S66x8_206,1,2904_26UracilUracilpipi125_dim_S66x8,-1,2901_26UracilUracilpipi100_monA_S66x8,-1,2901_26UracilUracilpipi100_monB_S66x8,-0.00967316032665641
S66x8_209,1,2907_27BenzenePyridinepipi090_dim_S66x8,-1,2909_27BenzenePyridinepipi100_monA_S66x8,-1,2909_27BenzenePyridinepipi100_monB_S66x8,-0.0011633290013936045
S66x8_265,1,2963_34PentanePentane090_dim_S66x8,-1,2965_34PentanePentane100_monA_S66x8,-1,2965_34PentanePentane100_monB_S66x8,-0.004557699923268094
S66x8_267,1,2965_34PentanePentane100_dim_S66x8,-1,2965_34PentanePentane100_monA_S66x8,-1,2965_34PentanePentane100_monB_S66x8,-0.00600787717158067
S66x8_268,1,2966_34PentanePentane105_dim_S66x8,-1,2965_34PentanePentane100_monA_S66x8,-1,2965_34PentanePentane100_monB_S66x8,-0.00575290095209714
S66x8_325,1,3023_41UracilPentane110_dim_S66x8,-1,3021_41UracilPentane100_monA_S66x8,-1,3021_41UracilPentane100_monB_S66x8,-0.006501893596830009
S66x8_457,1,3155_58PyridinePyridineCHN090_dim_S66x8,-1,3157_58PyridinePyridineCHN100_monA_S66x8,-1,3157_58PyridinePyridineCHN100_monB_S66x8,-0.00446208384096177
H2O20Bind10_4,1,14_isomer4_H2O20Bind10,-1,14_isomer4_mon1_H2O20Bind10,-1,14_isomer4_mon2_H2O20Bind10,-1,14_isomer4_mon3_H2O20Bind10,-1,14_isomer4_mon4_H2O20Bind10,-1,14_isomer4_mon5_H2O20Bind10,-1,14_isomer4_mon6_H2O20Bind10,-1,14_isomer4_mon7_H2O20Bind10,-1,14_isomer4_mon8_H2O20Bind10,-1,14_isomer4_mon9_H2O20Bind10,-1,14_isomer4_mon10_H2O20Bind10,-1,14_isomer4_mon11_H2O20Bind10,-1,14_isomer4_mon12_H2O20Bind10,-1,14_isomer4_mon13_H2O20Bind10,-1,14_isomer4_mon14_H2O20Bind10,-1,14_isomer4_mon15_H2O20Bind10,-1,14_isomer4_mon16_H2O20Bind10,-1,14_isomer4_mon17_H2O20Bind10,-1,14_isomer4_mon18_H2O20Bind10,-1,14_isomer4_mon19_H2O20Bind10,-1,14_isomer4_mon20_H2O20Bind10,-0.31535777545997300000
H2O20Bind10_6,1,16_isomer6_H2O20Bind10,-1,16_isomer6_mon1_H2O20Bind10,-1,16_isomer6_mon2_H2O20Bind10,-1,16_isomer6_mon3_H2O20Bind10,-1,16_isomer6_mon4_H2O20Bind10,-1,16_isomer6_mon5_H2O20Bind10,-1,16_isomer6_mon6_H2O20Bind10,-1,16_isomer6_mon7_H2O20Bind10,-1,16_isomer6_mon8_H2O20Bind10,-1,16_isomer6_mon9_H2O20Bind10,-1,16_isomer6_mon10_H2O20Bind10,-1,16_isomer6_mon11_H2O20Bind10,-1,16_isomer6_mon12_H2O20Bind10,-1,16_isomer6_mon13_H2O20Bind10,-1,16_isomer6_mon14_H2O20Bind10,-1,16_isomer6_mon15_H2O20Bind10,-1,16_isomer6_mon16_H2O20Bind10,-1,16_isomer6_mon17_H2O20Bind10,-1,16_isomer6_mon18_H2O20Bind10,-1,16_isomer6_mon19_H2O20Bind10,-1,16_isomer6_mon20_H2O20Bind10,-0.31580398384406900000
H2O20Bind10_7,1,17_isomer7_H2O20Bind10,-1,17_isomer7_mon1_H2O20Bind10,-1,17_isomer7_mon2_H2O20Bind10,-1,17_isomer7_mon3_H2O20Bind10,-1,17_isomer7_mon4_H2O20Bind10,-1,17_isomer7_mon5_H2O20Bind10,-1,17_isomer7_mon6_H2O20Bind10,-1,17_isomer7_mon7_H2O20Bind10,-1,17_isomer7_mon8_H2O20Bind10,-1,17_isomer7_mon9_H2O20Bind10,-1,17_isomer7_mon10_H2O20Bind10,-1,17_isomer7_mon11_H2O20Bind10,-1,17_isomer7_mon12_H2O20Bind10,-1,17_isomer7_mon13_H2O20Bind10,-1,17_isomer7_mon14_H2O20Bind10,-1,17_isomer7_mon15_H2O20Bind10,-1,17_isomer7_mon16_H2O20Bind10,-1,17_isomer7_mon17_H2O20Bind10,-1,17_isomer7_mon18_H2O20Bind10,-1,17_isomer7_mon19_H2O20Bind10,-1,17_isomer7_mon20_H2O20Bind10,-0.31500718315818300000
Bauza30_1,1,11_Cl-_ClF_dim_Bauza30,-1,11_Cl-_ClF_monA_Bauza30,-1,11_Cl-_ClF_monB_Bauza30,-0.06997503623451119
Bauza30_2,1,12_Br-_ClF_dim_Bauza30,-1,12_Br-_ClF_monA_Bauza30,-1,12_Br-_ClF_monB_Bauza30,-0.06790335445120751
Bauza30_7,1,17_Cl-_SF2_dim_Bauza30,-1,17_Cl-_SF2_monA_Bauza30,-1,17_Cl-_SF2_monB_Bauza30,-0.05023031523825536
Bauza30_10,1,20_Br-_SeF2_dim_Bauza30,-1,20_Br-_SeF2_monA_Bauza30,-1,20_Br-_SeF2_monB_Bauza30,-0.056572848697908164
Bauza30_12,1,22_H3N_SeF2_dim_Bauza30,-1,22_H3N_SeF2_monA_Bauza30,-1,22_H3N_SeF2_monB_Bauza30,-0.021083346148544367
Bauza30_15,1,25_Cl-_Se=CF2_dim_Bauza30,-1,25_Cl-_Se=CF2_monA_Bauza30,-1,25_Cl-_Se=CF2_monB_Bauza30,-0.021688914669817747
Bauza30_21,1,31_Cl-_Se=PF3_dim_Bauza30,-1,31_Cl-_Se=PF3_monA_Bauza30,-1,31_Cl-_Se=PF3_monB_Bauza30,-0.02462114119387834
Bauza30_25,1,35_Cl-_PF3_dim_Bauza30,-1,35_Cl-_PF3_monA_Bauza30,-1,35_Cl-_PF3_monB_Bauza30,-0.03405526131476894
Bauza30_27,1,37_Cl-_AsF3_dim_Bauza30,-1,37_Cl-_AsF3_monA_Bauza30,-1,37_Cl-_AsF3_monB_Bauza30,-0.054580846983193085
YMPJ519_26,1,36_Arginine_xap_YMPJ519,-1,81_Arginine_xci_YMPJ519,0.02789068813979160000
YMPJ519_35,1,45_Arginine_xay_YMPJ519,-1,81_Arginine_xci_YMPJ519,0.01860965843363150000
YMPJ519_44,1,54_Arginine_xbh_YMPJ519,-1,81_Arginine_xci_YMPJ519,0.01464668189852610000
YMPJ519_78,1,88_Asparagine_xag_YMPJ519,-1,87_Asparagine_xaf_YMPJ519,0.01871861266607620000
YMPJ519_84,1,94_Asparagine_xam_YMPJ519,-1,87_Asparagine_xaf_YMPJ519,0.02346944146427350000
YMPJ519_90,1,100_Aspartic-acid_xag_YMPJ519,-1,119_Aspartic-acid_xaz_YMPJ519,0.01689225379222260000
YMPJ519_91,1,101_Aspartic-acid_xah_YMPJ519,-1,119_Aspartic-acid_xaz_YMPJ519,0.02356901490308590000
YMPJ519_92,1,102_Aspartic-acid_xai_YMPJ519,-1,119_Aspartic-acid_xaz_YMPJ519,0.02309006750909770000
YMPJ519_100,1,110_Aspartic-acid_xaq_YMPJ519,-1,119_Aspartic-acid_xaz_YMPJ519,0.01716134444334700000
YMPJ519_110,1,120_Aspartic-acid_xba_YMPJ519,-1,119_Aspartic-acid_xaz_YMPJ519,0.02185641386895210000
YMPJ519_148,1,194_Glutamine_xae_YMPJ519,-1,198_Glutamine_xai_YMPJ519,0.01507907014407740000
YMPJ519_216,1,226_Histidine_xag_YMPJ519,-1,236_Histidine_xaq_YMPJ519,0.01652888063847600000
YMPJ519_233,1,243_Histidine_xax_YMPJ519,-1,236_Histidine_xaq_YMPJ519,0.02818799840934440000
YMPJ519_324,1,334_Lysine_xbl_YMPJ519,-1,312_Lysine_xap_YMPJ519,0.01575075536362390000
YMPJ519_470,1,480_Tryptophane_xaj_YMPJ519,-1,485_Tryptophane_xao_YMPJ519,0.01509173378996250000
YMPJ519_474,1,484_Tryptophane_xan_YMPJ519,-1,485_Tryptophane_xao_YMPJ519,0.00855809937208555000
YMPJ519_487,1,497_Tryptophane_xba_YMPJ519,-1,485_Tryptophane_xao_YMPJ519,0.02288179170091230000
YMPJ519_519,1,529_Valine_xap_YMPJ519,-1,517_Valine_xad_YMPJ519,0.03146401185888350000
C20C24_2,1,14_C20CageD2h_C20C24,-1,11_C20BowlC5v_C20C24,0.01418305220877130000
C20C24_5,1,17_C24CageOh_C20C24,-1,19_C24CoronaD6h_C20C24,0.04972036279928830000
C20C24_6,1,18_C24CageD3d_C20C24,-1,19_C24CoronaD6h_C20C24,-0.00847795929782736000
C20C24_8,1,20_C24RingC12h_C20C24,-1,19_C24CoronaD6h_C20C24,0.13467525192845700000
TAE140_16,1,229_propane_W4-11,-3,133_c_W4-11,-8,189_h_W4-11,-1.606205165021406
TAE140_42,1,239_sif4_W4-11,-1,238_si_W4-11,-4,172_f_W4-11,-0.920751000582461
TAE140_53,1,102_acetic_W4-11,-2,133_c_W4-11,-2,219_o_W4-11,-4,189_h_W4-11,-1.281282594128057
TAE140_105,1,193_hnnn_W4-11,-1,189_h_W4-11,-3,209_n_W4-11,-0.5287330311333932
TAE140_108,1,246_so3_W4-11,-1,236_s_W4-11,-3,219_o_W4-11,-0.5528888407267141
TAE140_115,1,152_c-hooo_W4-11,-1,189_h_W4-11,-3,219_o_W4-11,-0.3714509501449779
TAE140_129,1,235_s4-c2v_W4-11,-4,236_s_W4-11,-0.3734572942720389
TAE140_137,1,174_foof_W4-11,-2,172_f_W4-11,-2,219_o_W4-11,-0.2428154474155372
TAE140_138,1,217_o3_W4-11,-3,219_o_W4-11,-0.2349414630376114
DBH24_2,-1,57_h_lower_BH76,-1,46_hcl_lower_BH76,1,45_hclhts_BH76,0.028047384143188275
DBH24_7,-1,57_h_lower_BH76,-1,66_n2_BH76,1,59_hn2ts_BH76,0.022820371643775914
DBH24_13,-1,74_oh_lower_BH76,-1,66_n2_BH76,1,68_n2ohts_BH76,0.13089841667735708
DBH24_15,-1,20_ch3f_BH76,-1,30_cl_lower_BH76,1,21_ch3fclts_BH76,0.09454836938723638
DBH24_18,-1,23_ch3oh_lower_BH76,-1,33_f-_BH76,1,63_hoch3fts_BH76,0.02831829637638952
DBH24_22,-1,43_H2O_BH76,-1,24_CH3_upper_BH76,1,81_RKT04_BH76,0.0308521225575071
DBH24_23,-1,42_H2_BH76,-1,72_O_BH76,1,89_RKT14_BH76,0.020557457695859586
